Evaluation-Run,Accuracy,Loss
1,0.8267916666666667,0.5639660954475403
2,0.8267916666666667,0.5639660954475403
3,0.8267916666666667,0.5639660954475403
